Workbook

Sheet ClientClaimTxnPayments
A1: SettlementID | B1: PaidClaim | C1: PaidFees | D1: Outstanding | E1: OutstandingFees | F1: ApportionmentPaidClaim | G1: ApportionmentPaidFees | H1: ApportionmentCommission | I1: ApportionmentFundsWithheld | J1: ApportionmentCommissionAll | K1: PaidClaimTP | L1: PaidFeesTP | M1: ApportionmentCommissionTP | N1: ApportionmentClientPaidClaim | O1: ApportionmentClientPaidFees
A2: SET-100001 | B2: 162246.86 | C2: 7800.14 | D2: 75352.51 | E2: 1209.66 | F2: 48629.51 | G2: 3917.24 | H2: 5891.1 | I2: 0 | J2: 6072.7 | K2: 0 | L2: 0 | M2: 0 | N2: 30922.73 | O2: 2364.79
A3: SET-100002 | B3: 32497.92 | C3: 5234.81 | D3: 26745.24 | E3: 858.92 | F3: 0 | G3: 0 | H3: 0 | I3: 0 | J3: 0 | K3: 0 | L3: 0 | M3: 0 | N3: 0 | O3: 0
A4: SET-100003 | B4: 162097.04 | C4: 9768.01 | D4: 0 | E4: 0 | F4: 99209.69 | G4: 8252.91 | H4: 14475.44 | I4: 8838.49 | J4: 17070.74 | K4: 76147.82 | L4: 7164.96 | M4: 11807.03 | N4: 33021.2 | O4: 4653.66
A5: SET-100004 | B5: 68150.51 | C5: 11550.37 | D5: 0 | E5: 0 | F5: 45898.32 | G5: 5817.77 | H5: 6655.36 | I5: 3037.28 | J5: 8313.96 | K5: 0 | L5: 0 | M5: 0 | N5: 7195.42 | O5: 3662.32
A6: SET-100005 | B6: 403265.33 | C6: 51983.67 | D6: 72677.61 | E6: 12139.57 | F6: 0 | G6: 0 | H6: 0 | I6: 0 | J6: 0 | K6: 0 | L6: 0 | M6: 0 | N6: 0 | O6: 0
A7: SET-100006 | B7: 462607.28 | C7: 30901.45 | D7: 0 | E7: 0 | F7: 0 | G7: 0 | H7: 0 | I7: 0 | J7: 0 | K7: 0 | L7: 0 | M7: 0 | N7: 0 | O7: 0
A8: SET-100007 | B8: 50908.66 | C8: 8860.34 | D8: 0 | E8: 0 | F8: 0 | G8: 0 | H8: 0 | I8: 0 | J8: 0 | K8: 0 | L8: 0 | M8: 0 | N8: 0 | O8: 0
A9: SET-100008 | B9: 48110.41 | C9: 4329.44 | D9: 27316.89 | E9: 926.31 | F9: 34917.37 | G9: 3650.53 | H9: 4369.38 | I9: 0 | J9: 4395.71 | K9: 18475.36 | L9: 2790.04 | M9: 2022.96 | N9: 0 | O9: 0
A10: SET-100009 | B10: 2451383.3 | C10: 116357.19 | D10: 2173978.5 | E10: 10096.38 | F10: 0 | G10: 0 | H10: 0 | I10: 0 | J10: 0 | K10: 0 | L10: 0 | M10: 0 | N10: 0 | O10: 0
A11: SET-100010 | B11: 55979.61 | C11: 2424.62 | D11: 19875.7 | E11: 340.4 | F11: 44364.4 | G11: 1253.84 | H11: 5632.06 | I11: 0 | J11: 6605.02 | K11: 32185.39 | L11: 1142.72 | M11: 3702.85 | N11: 0 | O11: 0
A12: SET-100011 | B12: 291502.79 | C12: 26103.55 | D12: 264015.18 | E12: 1561.78 | F12: 119854.3 | G12: 24037.5 | H12: 11562.54 | I12: 7201.18 | J12: 11660.82 | K12: 77703.58 | L12: 15466.47 | M12: 5244.37 | N12: 0 | O12: 0
A13: SET-100012 | B13: 611312.33 | C13: 45613.66 | D13: 0 | E13: 0 | F13: 262696.84 | G13: 25495.22 | H13: 26704.61 | I13: 0 | J13: 26841.38 | K13: 136375.96 | L13: 18524.32 | M13: 21051.59 | N13: 0 | O13: 0
... A2001: SET-102000 | B2001: 864984.66 | C2001: 154475.96 | D2001: 138749.48 | E2001: 29034 | F2001: 616937.19 | G2001: 133897.95 | H2001: 71434.54 | I2001: 0 | J2001: 77678.81 | K2001: 0 | L2001: 0 | M2001: 0 | N2001: 0 | O2001: 0
A2002: TOTAL | B2002: =SUM(B2:B2001) | C2002: =SUM(C2:C2001) | D2002: =SUM(D2:D2001) | E2002: =SUM(E2:E2001) | F2002: =SUM(F2:F2001) | G2002: =SUM(G2:G2001) | H2002: =SUM(H2:H2001) | I2002: =SUM(I2:I2001) | ... O2002: =SUM(O2:O2001)

Sheet Portfolio Summary
A1: CLIENT CLAIMS PORTFOLIO SUMMARY
A2: Source: dbo.tovw_ClientClaimTransactionPayments (Synthetic Dataset — 2,000 rows)
A4: LOSS FINANCIALS
A5: Total Paid Claims | B5: ='ClientClaimTxnPayments'!B2002
A6: Total Outstanding Reserves | B6: ='ClientClaimTxnPayments'!D2002
A7: Total Incurred Loss (Paid + Outstanding) | B7: ='ClientClaimTxnPayments'!B2002+'ClientClaimTxnPayments'!D2002
A8: Total Paid Fees | B8: ='ClientClaimTxnPayments'!C2002
A9: Total Outstanding Fees | B9: ='ClientClaimTxnPayments'!E2002
A10: Fee Loading Ratio | B10: =IF('ClientClaimTxnPayments'!B2002=0,0,'ClientClaimTxnPayments'!C2002/'ClientClaimTxnPayments'!B2002)
A12: APPORTIONMENT ACTIVITY
A13: Total Apportionment Paid Claims | B13: ='ClientClaimTxnPayments'!F2002
A14: Total Apportionment Paid Fees | B14: ='ClientClaimTxnPayments'!G2002
A15: Total Commission (Credit Accounts) | B15: ='ClientClaimTxnPayments'!H2002
A16: Total Funds Withheld | B16: ='ClientClaimTxnPayments'!I2002
A17: Total Commission (All Accounts) | B17: ='ClientClaimTxnPayments'!J2002
A18: Funds Withheld / Commission Ratio | B18: =IF('ClientClaimTxnPayments'!H2002=0,0,'ClientClaimTxnPayments'!I2002/'ClientClaimTxnPayments'!H2002)
A20: THIRD-PARTY & TRUST ACCOUNTS
A21: Total Third-Party Paid Claims | B21: ='ClientClaimTxnPayments'!K2002
A22: Total Third-Party Paid Fees | B22: ='ClientClaimTxnPayments'!L2002
A23: Total Third-Party Commission | B23: ='ClientClaimTxnPayments'!M2002
A24: TP Claims as % of Total Paid Claims | B24: =IF('ClientClaimTxnPayments'!B2002=0,0,'ClientClaimTxnPayments'!K2002/'ClientClaimTxnPayments'!B2002)
A26: CLIENT-SPECIFIC APPORTIONMENT
A27: Total Client Apportionment Paid Claims | B27: ='ClientClaimTxnPayments'!N2002
A28: Total Client Apportionment Paid Fees | B28: ='ClientClaimTxnPayments'!O2002
A29: Client Share of Apportioned Claims | B29: =IF('ClientClaimTxnPayments'!F2002=0,0,'ClientClaimTxnPayments'!N2002/'ClientClaimTxnPayments'!F2002)
